index,first_name,last_name,date_of_birth,company,email_address,address,country,country_code,phone_number,join_date,user_uuid
752,PYCLKLLC7I,W350SCUD6R,KBTI7FI7Y3,R7IZUNSQX0,3Q791B3VIY,YW2YXLOQ5J,I7G4DMDZOZ,VSM4IZ4EL3,A4Q4HQBI3I,JJ2PDVNPRO,W43MSCMQ88
867,NULL,NULL,NULL,NULL,NULL,NULL,NULL,NULL,NULL,NULL,NULL
1023,NULL,NULL,NULL,NULL,NULL,NULL,NULL,NULL,NULL,NULL,NULL
1047,GI4C78KWH0,UTB5PPYFG8,OFH8YGZJWN,CA1XGS8GZW,7HSZB429UK,63GXGYR3XL,AJ1ENKS3QL,QVUW9JSKY3,64ZO0ONUQO,AHN6EKASH3,BUE34OU973
1807,NULL,NULL,NULL,NULL,NULL,NULL,NULL,NULL,NULL,NULL,NULL
2103,NULL,NULL,NULL,NULL,NULL,NULL,NULL,NULL,NULL,NULL,NULL
2439,NULL,NULL,NULL,NULL,NULL,NULL,NULL,NULL,NULL,NULL,NULL
6526,NULL,NULL,NULL,NULL,NULL,NULL,NULL,NULL,NULL,NULL,NULL
2764,NULL,NULL,NULL,NULL,NULL,NULL,NULL,NULL,NULL,NULL,NULL
2997,DPAJNJL6PR,B8ZGN8ZJ84,PQPEUO937L,0YJ2FRMDB4,O5Q6D7FDAF,Y1GY1G3EM5,XGI7FM0VBJ,0CU6LW3NKB,DU9UJ42F3E,FYF2FAPZF3,56URKLG01W
3539,E5139W1FJ3,X88YLZX0JX,7KGJ3C5TSW,648S19YUFF,BYU3R2LQF8,GOWRW4JCE7,S0E37H52ON,PG8MOC0UZI,LJ6H5XBD2A,QH6Z9ZPX37,A1W2TVMK1S
4987,NULL,NULL,NULL,NULL,NULL,NULL,NULL,NULL,NULL,NULL,NULL
5309,XKDVQD7BH2,4YSEX8AY1Z,RQTF5XSXP4,GKJZ58DTHT,789HWCYC7M,KJW5WR7W16,XN9NGL5C0B,NTCGYW8LVC,MUXPJD0BZY,LYVWXBBI6F,LNRNI6X6VL
5310,NULL,NULL,NULL,NULL,NULL,NULL,NULL,NULL,NULL,NULL,NULL
6426,EI10BU4INS,SH6Y92V6IK,D2OZZHWOLK,LNFBRXXUT4,TFEA83AAHP,XGYW43ZF8B,50KUU3PQUF,FB13AKRI21,GA2YQ189FL,DM4Q84QZ03,23WTQ63AET
6927,NULL,NULL,NULL,NULL,NULL,NULL,NULL,NULL,NULL,NULL,NULL
7747,NULL,NULL,NULL,NULL,NULL,NULL,NULL,NULL,NULL,NULL,NULL
8398,I7IJDAPMIM,LUNRZWUKRB,QTVEU5TR8H,JXKOHA5B8F,JK2J6N4DLG,FW3EMRJ25W,EWE3U0DZIV,OS2P9CMHR6,G2D0EI6DT3,DOKMYDVV6L,8FB8XB78NQ
9026,TG6PAO2RAB,PIG6VAZUPM,L3E8OV4UAC,ROL0IMK6UH,EIV7XWUJ8I,KHJLOAKCW2,GMRBOMI0O1,5D74J6FPFJ,65I9CX7VF2,YBUYH8T6OE,HEGG0N3ICG
10025,NULL,NULL,NULL,NULL,NULL,NULL,NULL,NULL,NULL,NULL,NULL
10224,VCQL3ML6ZT,HULT86HONJ,TLSTUEIKI0,QSS0MWBGFZ,1WNILGM5MK,R4HMRLEIXV,YOTSVPRBQ7,LZGTB0T5Z7,6VGTZ6ANEA,SRH5SM36LH,AKXDQ62K1V
10237,NULL,NULL,NULL,NULL,NULL,NULL,NULL,NULL,NULL,NULL,NULL
10373,G1SI2RM0KA,67VJEE6DS2,YTC82GP4XE,M4Z6M30SJ3,U1AZKY6URZ,N9D1AYQOJ0,5EFAFD0JLI,IM8MN1L9MJ,Y0AKRC4TUP,4JIOCHZY0W,7JTCX4UVLK
11002,NULL,NULL,NULL,NULL,NULL,NULL,NULL,NULL,NULL,NULL,NULL
11381,31XQ1Z35J9,8LR57D7RZ0,O1LIA1MT1N,66V9WU2HU1,XASHXWHN80,NZDOEJPB2M,PNRMPSYR1J,RVRFD92E48,CLGG66L3JK,3CUODA3HTC,C7N3K5VF9U
11459,NULL,NULL,NULL,NULL,NULL,NULL,NULL,NULL,NULL,NULL,NULL
11615,NULL,NULL,NULL,NULL,NULL,NULL,NULL,NULL,NULL,NULL,NULL
11778,NULL,NULL,NULL,NULL,NULL,NULL,NULL,NULL,NULL,NULL,NULL
11881,NULL,NULL,NULL,NULL,NULL,NULL,NULL,NULL,NULL,NULL,NULL
12110,NULL,NULL,NULL,NULL,NULL,NULL,NULL,NULL,NULL,NULL,NULL
12197,2GU3G97VI1,91RL47Q2WC,RQI3KQXFBQ,D4KULDKYME,YM2YGPR8W1,4M2VPXJHBE,RQRB7RMTAD,XKI9UXSCZ1,35OGAP18JU,8BAER2328P,YIBFXQLD4A
12606,NULL,NULL,NULL,NULL,NULL,NULL,NULL,NULL,NULL,NULL,NULL
13135,F3LGJ1NZ0I,IXWSZZ2VPN,1IA43NTJFB,9WSM9X17XK,M5ZDMLPP45,W5VT0DOEKO,3518UD5CE8,QREF9WLI2A,EIP7YUL5CE,U9CRKSTONU,55II6WK8D2
13879,NULL,NULL,NULL,NULL,NULL,NULL,NULL,NULL,NULL,NULL,NULL
14124,DD0K0FUDRY,Q9U9JNG44F,M7HZECVQVC,DJXWS4B52O,X29OBIYMTI,8EK3ZFIGXL,7ZNO5EBALT,XPVCZE2L8B,XBL6JO9DU6,9YLGYDEZNV,1YOGCW4V46
14523,YWM71XYN17,PYC56FDP4V,6WAQ2SVK0Q,WGP4NBYFT6,6VIJ9KJU8P,NI3KEEZPTY,T4WBZSW0XI,44YAIDY048,QVAV1H2QVH,7PF0SMLXII,7PYPXC0PPN
