timestamp,month,year,day,time_period,date_uuid
SAAZHF87TI,1YMRDJNU2T,FTKRTQHFZE,7EPFWYOELT,DXBU6GX1VC,3A21WYQSY7
75E4ECDVH6,9GN4VIO5A8,14NRQ80L5E,K4702YOYPT,OEOXBP8X6D,66ULRXEWSU
NULL,NULL,NULL,NULL,NULL,NULL
JUVMW8TKUC,NF46JOZMTA,33F45BZPSP,ZS0PDDW72O,1Z18F4RM05,XXHOTW6WA7
NULL,NULL,NULL,NULL,NULL,NULL
NULL,NULL,NULL,NULL,NULL,NULL
NULL,NULL,NULL,NULL,NULL,NULL
NULL,NULL,NULL,NULL,NULL,NULL
NULL,NULL,NULL,NULL,NULL,NULL
J8CSDZCCRZ,LZLLPZ0ZUA,G3DEZY8UW6,TTH9JE93YZ,GT3JKF575H,3TL8P43R9J
MMC1FBD3XH,YULO5U0ZAM,0M8BGI0CI3,CZ35WI1011,CM5MTJKXMH,ZAJPIRYLAL
AND6XEV4U3,SAT4V9O2DL,O17F6WE1TD,PYXMXY268K,5OQGE7K2AV,RKDX2XBIJ4
NULL,NULL,NULL,NULL,NULL,NULL
MD3ZLFQ12Y,3ZZ5UCZR5D,9DKC6PW41E,XAOROIDDK6,1JCRGU3GIE,10NCUUENK0
MLX6W1MJ8G,DGQAH7M1HQ,I5367BRUVN,DEQME0YBTK,SQX52VSNMM,3CEP13OI0F
WR4RL0H97H,4FHLELF101,EB2N507OZ0,DK93ZX02KL,ALOGCWS9Y3,IW5ZTTFD6Z
NULL,NULL,NULL,NULL,NULL,NULL
YO6TX1S7CS,22JSMNGJCU,KO7BGRPOKH,8XA0GSY2Z6,7DNU2UWFP7,AHXVM4Q3LH
SPHJYF0JZ7,EB8VJHYZLE,RA8D4CIQOV,Y1D3T5NOZ8,EOHYT5T70F,VKRATJXGHO
OIOLKX0XI4,2VZEREEIKB,FXC3K5LZZX,1OFIGIX6Q9,5MUU1NKRED,I9GYGGEMVT
NULL,NULL,NULL,NULL,NULL,NULL
IUPIT97LCD,K9ZN06ZS1X,FIEOPTN7WZ,41OFB3C3PD,7RR8SRXQAW,M4G60RX0N8
C30R6QIB2U,9P3C0WBWTU,AQLUVY7DA2,814572Q64C,SSF9ANE440,HG2SH6D7K5
NULL,NULL,NULL,NULL,NULL,NULL
9C5KZAI8M1,W6FT760O2B,9QDY0WMH6K,WRBNFJ46LJ,1PZDMCME1C,D54Y9E2G22
NULL,NULL,NULL,NULL,NULL,NULL
Y186P1WFWE,DOIR43VTCM,5RZL03AWR6,PKTU8OYDWF,KQVJ34AINL,OQ0D67INSG
NULL,NULL,NULL,NULL,NULL,NULL
5YKOIN0YUL,FA8KD82QH3,QF6S8TDTEA,G3Z42NGBRE,QA65EOIBX4,CZ4ZQDXNZC
2HZWGAUPJ2,03T414PVFI,L1N4X0SVZA,XZJTZGW546,YRYN6Y8SPJ,FFRVR03VV3
LUVV7GL3QQ,FNPZFYI489,OVDJZCARJA,83QG97URRC,JMW951JPZC,7OYKS8WHL6
TM2SWU4IGV,67RMH5U2R6,UDHIYJS2GP,8GZBM34AGM,DZC37NLW4F,OEIZJ5ZFEX
NULL,NULL,NULL,NULL,NULL,NULL
AAKYA9LKY2,J9VQLERJQO,LND1WX0Y6Z,W5A22P7J9N,SYID3PBQLP,0ZP1AQ1828
NULL,NULL,NULL,NULL,NULL,NULL
BR29O8DE1G,ZRH2YT3FR8,3GJWN253MM,K179M0CI4M,IXNB2XXEKB,BCRRBKY2PD
X33USM1CZL,GYSATSCN88,M9ZV3N8G95,WRTW643A1S,MZIS9E7IXD,7R2EEPHB6J
NULL,NULL,NULL,NULL,NULL,NULL
